modelo,metodo,balanceo,recall_cv,recall_cv_std,precision_cv,f1_cv,balanced_accuracy_cv,pr_auc_cv,roc_auc_cv,recall_test,precision_test,f1_test,balanced_accuracy_test,pr_auc_test,roc_auc_test,tiempo_s,params
XGBoost_hist,baseline,sin_balanceo,0.0383403700529514,0.0056581999481256,0.5611877847170211,0.0717303433790336,0.5187072020014986,0.2682070207805089,0.893395983682882,0.0402208201892744,0.5828571428571429,0.0752489856141645,0.5196612788252569,0.2724908658371371,0.8948221288981318,6.29,{}
XGBoost_hist,baseline,smote,0.7767578000762345,0.0103872294539275,0.1312469629099924,0.2245466967343202,0.8081367382388347,0.2542515125635864,0.8884500020116486,0.7779968454258676,0.1300507547294179,0.2228497204495397,0.8077979502022284,0.2547288150885148,0.8904717192281517,8.26,{}
XGBoost_hist,baseline,adasyn,0.7894725980669455,0.009193245983397,0.1234911133517802,0.2135679133359329,0.8072771410310728,0.2491739927397238,0.8871152463142105,0.7957413249211357,0.1215662650602409,0.2109113712374582,0.808155153281063,0.2474175649498916,0.8888325312914904,18.77,{}
XGBoost_hist,baseline,weights,0.835500319262322,0.0077024026373392,0.114821966241426,0.2018958871939284,0.8172290391959439,0.26766755627138,0.8932775933328813,0.8406940063091483,0.1163564918408557,0.2044201543698163,0.8207321485992756,0.2714066293948315,0.8946282383410638,5.38,{}
XGBoost_hist,grid_search,sin_balanceo,0.0678100546994685,0.0064990107931192,0.5084383580254097,0.1195549920668961,0.5328806194023709,0.2605312513571871,0.8900280304796452,0.0682176656151419,0.4928774928774929,0.1198475926567371,0.53301369080826,0.2651753786769705,0.8919037339400782,108.23,"{'classifier__learning_rate': 0.2, 'classifier__max_depth': 6, 'classifier__n_estimators': 200, 'classifier__subsample': 0.7}"
XGBoost_hist,grid_search,smote,0.8188440033310107,0.0050227212807026,0.1145501324794406,0.2009824500815251,0.8106312939428927,0.2449401357377375,0.887488961743746,0.8213722397476341,0.1167666349010594,0.2044662576687116,0.8137475954853739,0.2478542612416238,0.8886120778251465,150.67,"{'classifier__learning_rate': 0.05, 'classifier__max_depth': 3, 'classifier__n_estimators': 100, 'classifier__subsample': 0.9}"
XGBoost_hist,grid_search,adasyn,0.8374722678792971,0.0069239080800497,0.1075278308583917,0.1905833956497638,0.810248937483897,0.2419553335540993,0.8866099143339771,0.8414826498422713,0.1080123500531457,0.1914502310142197,0.8123161145062121,0.2416706344974467,0.8878747963663939,239.51,"{'classifier__learning_rate': 0.05, 'classifier__max_depth': 3, 'classifier__n_estimators': 100, 'classifier__subsample': 0.9}"
XGBoost_hist,grid_search,weights,0.836092132065348,0.0053853059172856,0.1122903341402751,0.1979889380812342,0.8148900946253856,0.2613790387715619,0.8915579862345637,0.8450315457413249,0.1139408762228838,0.2008058470764617,0.8199846413059629,0.2648145451783957,0.8926876199734213,312.39,"{'classifier__learning_rate': 0.05, 'classifier__max_depth': 4, 'classifier__n_estimators': 100, 'classifier__scale_pos_weight': 32, 'classifier__subsample': 0.7}"
XGBoost_hist,random_search,sin_balanceo,0.0514495966126631,0.0064053979721846,0.5485133696757434,0.0940143879988912,0.5250680084331395,0.2700521799024393,0.8939032443331133,0.0563880126182965,0.5607843137254902,0.1024722321748477,0.5275049281972223,0.276412714725018,0.8952692805041667,27.15,"{'classifier__learning_rate': 0.09651675043146653, 'classifier__max_depth': 5, 'classifier__n_estimators': 171, 'classifier__subsample': 0.8403950683025824}"
XGBoost_hist,random_search,smote,0.8060305860587975,0.0082328046481363,0.1203094326631012,0.2093678264276057,0.8110385871024551,0.2528134011672006,0.8892177895088107,0.8146687697160884,0.1208045842591509,0.2104083918932681,0.8148256483319822,0.2544966207054429,0.8906828614838097,36.37,"{'classifier__learning_rate': 0.05329456604111434, 'classifier__max_depth': 3, 'classifier__n_estimators': 149, 'classifier__subsample': 0.8285801361297467}"
XGBoost_hist,random_search,adasyn,0.822293784460301,0.0061010428819276,0.112769131769928,0.1983376407117308,0.8101797043463078,0.2483420699127088,0.8878865868594321,0.8308359621451105,0.1123493654687,0.1979333020197275,0.8129975942044152,0.2501331758544586,0.8899556578700778,106.14,"{'classifier__learning_rate': 0.05329456604111434, 'classifier__max_depth': 3, 'classifier__n_estimators': 149, 'classifier__subsample': 0.8285801361297467}"
XGBoost_hist,random_search,weights,0.8717710925569392,0.0064779905089401,0.1002657963139984,0.1798457507563989,0.8137949597695489,0.2678091031310057,0.8929842759809976,0.8761829652996845,0.1008991008991009,0.1809593615115237,0.8162723164343577,0.2708073716881654,0.8945925510275696,26.15,"{'classifier__learning_rate': 0.09772650673914354, 'classifier__max_depth': 5, 'classifier__n_estimators': 84, 'classifier__scale_pos_weight': 44.06306520158159, 'classifier__subsample': 0.9329019834400152}"
XGBoost_hist,optuna,sin_balanceo,0.0650510941107634,0.0053443546776805,0.52087349720214,0.1156427507339506,0.5315934284134556,0.2637571040577245,0.8914811461864003,0.0686119873817034,0.5304878048780488,0.1215083798882681,0.5333585112869536,0.2754163400783138,0.8931845809766928,102.69,"{'n_estimators': 192, 'max_depth': 6, 'learning_rate': 0.16445227230751241, 'subsample': 0.8279596386253469}"
XGBoost_hist,optuna,smote,0.827418782335932,0.0061112835708078,0.10968966599345,0.1937002479093829,0.8088968307465281,0.2354303465184907,0.8845078027570885,0.832807570977918,0.1118288679445091,0.1971804686770609,0.8132020332617601,0.2369655621647037,0.8847703179059851,122.27,"{'n_estimators': 52, 'max_depth': 3, 'learning_rate': 0.0602623400459642, 'subsample': 0.8992033063494871}"
XGBoost_hist,optuna,adasyn,0.8451603473768291,0.0084296695670053,0.1033940456518621,0.1842414400433944,0.8081787961117749,0.232360820513438,0.8839320063473058,0.8517350157728707,0.1035623531668025,0.1846706279656307,0.8108345305767932,0.2339589283295526,0.8845150286725123,300.13,"{'n_estimators': 52, 'max_depth': 3, 'learning_rate': 0.0602623400459642, 'subsample': 0.8992033063494871}"
XGBoost_hist,optuna,weights,0.8809373444658366,0.0069052168321108,0.0955248613856165,0.1723594858466144,0.8102951094623266,0.262582723374189,0.8919456386190703,0.8844637223974764,0.0956258526603001,0.1725915666358879,0.8117192363033304,0.2664226578062904,0.8927898079633393,95.67,"{'n_estimators': 141, 'max_depth': 3, 'learning_rate': 0.054718598564940636, 'subsample': 0.8897771074506666, 'scale_pos_weight': 46.5440570929257}"
XGBoost_hist,deap,sin_balanceo,0.0587431989841874,0.0062362266428563,0.5192003560022707,0.1055024855483648,0.528525617185092,0.2644088177280099,0.8926425196072199,0.056782334384858,0.5017421602787456,0.10201912858661,0.527511362103095,0.2697269702951798,0.8942497757157881,212.26,"{'n_estimators': 179, 'max_depth': 5, 'learning_rate': 0.17627739675225446, 'subsample': 0.7421227819002487}"
XGBoost_hist,deap,smote,0.828207542359919,0.0061926933175494,0.109576483048304,0.1935442739112398,0.8090651049258325,0.2359860009222409,0.8844333894273572,0.833596214511041,0.111739521116338,0.1970636215334421,0.8134056280509135,0.2347119507287889,0.884558370199064,194.53,"{'n_estimators': 51, 'max_depth': 3, 'learning_rate': 0.05977180375150691, 'subsample': 0.7848838122597744}"
XGBoost_hist,deap,adasyn,0.8459487675017663,0.0074793742005826,0.1034621364096084,0.1843699902141748,0.8085576226714855,0.2314089610164794,0.883862045194736,0.8521293375394322,0.1031848350284104,0.1840793900932748,0.8105087303929872,0.2354528348821912,0.8844024086331023,551.64,"{'n_estimators': 51, 'max_depth': 3, 'learning_rate': 0.06140343242609002, 'subsample': 0.7848838122597744}"
XGBoost_hist,deap,weights,0.8375704015907276,0.0060272306507592,0.1131998836667993,0.1994431970498206,0.8163813848272026,0.2653261907237185,0.8924976894297814,0.8442429022082019,0.1135026241849122,0.2001028085424552,0.8192396280002963,0.2666103714574711,0.8935861978997246,151.35,"{'n_estimators': 128, 'max_depth': 3, 'learning_rate': 0.06938510959298043, 'subsample': 0.8194553239891764}"
KNN,baseline,sin_balanceo,0.093953634085213,0.0054081545787961,0.352258564402604,0.148283463356014,0.5442747774918455,0.122244763587837,0.7091486136566708,0.0910883280757097,0.3328530259365994,0.1430340557275541,0.542695564343018,0.120656806776178,0.7097586408035166,7.23,{}
KNN,baseline,smote,0.4497310085558724,0.0248244020329865,0.1485561910054647,0.2233273540142209,0.6846118188370601,0.1115465422063883,0.7447371992094489,0.4451892744479495,0.1516657710908114,0.22625250501002,0.6837417061810058,0.1127791463760895,0.7436849564140239,8.81,{}
KNN,baseline,adasyn,0.4500610362112177,0.0260489930105634,0.1452104171324052,0.2195707520894589,0.6836847287470208,0.1099809580252579,0.7455879377664553,0.4487381703470031,0.1496383957922419,0.2244354600138053,0.6845809766929187,0.1106751301366721,0.7427703592266053,9.23,{}
KNN,baseline,weights,0.093953634085213,0.0054081545787961,0.352258564402604,0.148283463356014,0.5442747774918455,0.122244763587837,0.7091486136566708,0.0910883280757097,0.3328530259365994,0.1430340557275541,0.542695564343018,0.120656806776178,0.7097586408035166,6.82,{}
KNN,grid_search,sin_balanceo,0.1294324172500215,0.0092784029588879,0.2341842666518489,0.1667110033076429,0.558107241112514,0.0876419029978506,0.6467367460146995,0.1352523659305993,0.2302013422818792,0.1703924490809736,0.5605692848012006,0.0896839508233967,0.654654549037348,612.44,"{'classifier__algorithm': 'kd_tree', 'classifier__metric': 'manhattan', 'classifier__n_neighbors': 3, 'classifier__weights': 'distance'}"
KNN,grid_search,smote,0.6254936911243626,0.0162324833478487,0.1261059224202343,0.2098902119214273,0.7450728737258718,0.1452727583259422,0.8110876457490319,0.6222397476340694,0.1298231180584121,0.2148254033081478,0.7460450596220256,0.1479761800723542,0.8172383606081776,911.83,"{'classifier__algorithm': 'ball_tree', 'classifier__metric': 'minkowski', 'classifier__n_neighbors': 15, 'classifier__weights': 'uniform'}"
KNN,grid_search,adasyn,0.6307498271540922,0.0153613725724152,0.1223714469036027,0.2049675279140907,0.7447425437310826,0.1402879345336276,0.8092490258134838,0.6210567823343849,0.1247524752475247,0.2077699360200514,0.7425434524459245,0.1407455594709267,0.8143526034086853,803.72,"{'classifier__algorithm': 'ball_tree', 'classifier__metric': 'minkowski', 'classifier__n_neighbors': 15, 'classifier__weights': 'uniform'}"
KNN,grid_search,weights,0.1294324172500215,0.0092784029588879,0.2341842666518489,0.1667110033076429,0.558107241112514,0.0876419029978506,0.6467367460146995,0.1352523659305993,0.2302013422818792,0.1703924490809736,0.5605692848012006,0.0896839508233967,0.654654549037348,685.58,"{'classifier__algorithm': 'kd_tree', 'classifier__metric': 'manhattan', 'classifier__n_neighbors': 3, 'classifier__weights': 'distance'}"
KNN,random_search,sin_balanceo,0.1251588021778584,0.0114847474948447,0.2307883586989185,0.1622860318622815,0.556072977170302,0.0877038179938007,0.648040911493099,0.1376182965299684,0.2314323607427055,0.1726013847675568,0.5616784203031788,0.0895154953007678,0.6559876897546134,346.17,"{'classifier__algorithm': 'ball_tree', 'classifier__metric': 'minkowski', 'classifier__n_neighbors': 3, 'classifier__weights': 'distance'}"
KNN,random_search,smote,0.7187964523377409,0.0181287648108993,0.1150727424103506,0.1983838835533626,0.7731124950386352,0.1675432017672068,0.8384419704164578,0.7251577287066246,0.120007830853563,0.2059350503919373,0.7796126291807968,0.1684263837522279,0.8448073318850479,550.46,"{'classifier__algorithm': 'kd_tree', 'classifier__metric': 'minkowski', 'classifier__n_neighbors': 29, 'classifier__weights': 'uniform'}"
KNN,random_search,adasyn,0.72470724224354,0.0125112503766964,0.1100351377685091,0.1910571466983834,0.7708535258187063,0.1588460328844518,0.8361703060009035,0.7330441640378549,0.1143437077131258,0.1978290943918271,0.7779324772544445,0.1590340645741867,0.841755084027781,447.13,"{'classifier__algorithm': 'kd_tree', 'classifier__metric': 'minkowski', 'classifier__n_neighbors': 29, 'classifier__weights': 'uniform'}"
KNN,random_search,weights,0.1251588021778584,0.0114847474948447,0.2307883586989185,0.1622860318622815,0.556072977170302,0.0877038179938007,0.648040911493099,0.1376182965299684,0.2314323607427055,0.1726013847675568,0.5616784203031788,0.0895154953007678,0.6559876897546134,377.2,"{'classifier__algorithm': 'ball_tree', 'classifier__metric': 'minkowski', 'classifier__n_neighbors': 3, 'classifier__weights': 'distance'}"
KNN,optuna,sin_balanceo,0.1287750626566416,0.0102259392482672,0.2330336547357872,0.1658734859174897,0.557773436399529,0.0874911841382616,0.6464504541024543,0.1356466876971608,0.2304085733422639,0.1707619756763464,0.560754140718197,0.0895543260701542,0.6547315788055845,324.9,"{'n_neighbors': 3, 'weights': 'distance', 'metric': 'manhattan', 'algorithm': 'ball_tree'}"
KNN,optuna,smote,0.7118966597528302,0.0184704743031781,0.1168838177094495,0.2007973741032288,0.7719852215840791,0.1680377477934591,0.8390568004582093,0.7188485804416404,0.1218908799144156,0.2084381431511548,0.7786237291143576,0.1690480928586021,0.8457660784763392,389.18,"{'n_neighbors': 30, 'weights': 'uniform', 'metric': 'minkowski', 'algorithm': 'kd_tree'}"
KNN,optuna,adasyn,0.7187948319073546,0.0145942558996669,0.1117128595835632,0.1933687950579478,0.7701789270499488,0.1601032792427044,0.8374908660766553,0.7287066246056783,0.117006458148664,0.2016366612111292,0.778550782401771,0.159850511269986,0.842778269146178,350.04,"{'n_neighbors': 30, 'weights': 'uniform', 'metric': 'minkowski', 'algorithm': 'kd_tree'}"
KNN,optuna,weights,0.1287750626566416,0.0102259392482672,0.2330336547357872,0.1658734859174897,0.557773436399529,0.0874911841382616,0.6464504541024543,0.1356466876971608,0.2304085733422639,0.1707619756763464,0.560754140718197,0.0895543260701542,0.6547315788055845,311.62,"{'n_neighbors': 3, 'weights': 'distance', 'metric': 'manhattan', 'algorithm': 'ball_tree'}"
KNN,deap,sin_balanceo,0.1294324172500215,0.0092784029588879,0.2341842666518489,0.1667110033076429,0.558107241112514,0.0876419029978506,0.6467367460146995,0.1352523659305993,0.2302013422818792,0.1703924490809736,0.5605692848012006,0.0896839508233967,0.654654549037348,112.23,"{'n_neighbors': 3, 'weights': 'distance', 'metric': 'manhattan', 'algorithm': 'kd_tree'}"
KNN,deap,smote,0.7187964523377409,0.0181287648108993,0.1150727424103506,0.1983838835533626,0.7731124950386352,0.1675432017672068,0.8384419704164578,0.7251577287066246,0.120007830853563,0.2059350503919373,0.7796126291807968,0.1684263837522279,0.8448073318850479,375.63,"{'n_neighbors': 29, 'weights': 'uniform', 'metric': 'minkowski', 'algorithm': 'kd_tree'}"
KNN,deap,adasyn,0.72470724224354,0.0125112503766964,0.1100351377685091,0.1910571466983834,0.7708535258187063,0.1588460328844518,0.8361703060009035,0.7330441640378549,0.1143437077131258,0.1978290943918271,0.7779324772544445,0.1590340645741867,0.841755084027781,240.16,"{'n_neighbors': 29, 'weights': 'uniform', 'metric': 'minkowski', 'algorithm': 'kd_tree'}"
KNN,deap,weights,0.1294324172500215,0.0092784029588879,0.2341842666518489,0.1667110033076429,0.558107241112514,0.0876419029978506,0.6467367460146995,0.1352523659305993,0.2302013422818792,0.1703924490809736,0.5605692848012006,0.0896839508233967,0.654654549037348,106.9,"{'n_neighbors': 3, 'weights': 'distance', 'metric': 'manhattan', 'algorithm': 'kd_tree'}"
Ridge_Lasso_SAGA,baseline,sin_balanceo,0.0244435973944309,0.0033104111316413,0.4923405426163599,0.0465613247950793,0.5118311088112641,0.2356300995139574,0.8811358895268097,0.0264195583596214,0.5114503816793893,0.0502437195350581,0.5128160202587102,0.2382496242654969,0.8829255336823026,23.76,{}
Ridge_Lasso_SAGA,baseline,smote,0.8181537654745112,0.0084339359011245,0.1065655481348241,0.188568863084191,0.802030931666603,0.2328143540335152,0.8797506706701993,0.8261041009463722,0.1076677973070202,0.1905065017732108,0.8062264856752337,0.2315392020885104,0.8816478065563034,24.53,{}
Ridge_Lasso_SAGA,baseline,adasyn,0.8377673002546814,0.0080702853754025,0.1004533186266463,0.1793953262695556,0.801805888371136,0.2318736881176502,0.879716569818757,0.8458201892744479,0.1013178404421142,0.1809592103598093,0.8058529503737992,0.2307524453097911,0.8815903866150536,32.85,{}
Ridge_Lasso_SAGA,baseline,weights,0.82160374083183,0.0069133202577233,0.1072399908933137,0.1897165410840272,0.8040589324947947,0.234315873635158,0.8810866668316548,0.8253154574132492,0.1078143512079534,0.1907148389448266,0.8060967206837866,0.2358588681140777,0.8829741082160066,9.72,{}
Ridge_Lasso_SAGA,grid_search,sin_balanceo,0.0246406902864135,0.003088614781954,0.4908509128207962,0.0469138554234507,0.5119235026652834,0.2355745129734356,0.8811222684560074,0.0264195583596214,0.5114503816793893,0.0502437195350581,0.5128160202587102,0.2381941958844004,0.8829210648834273,63.04,"{'classifier__C': 10.0, 'classifier__penalty': 'l2'}"
Ridge_Lasso_SAGA,grid_search,smote,0.8199284269714753,0.0058379201363067,0.1067345912216177,0.1888807840159222,0.8028721160944201,0.2330670521246664,0.8807796105606116,0.8261041009463722,0.1078007615519193,0.190714610832954,0.8063741452706463,0.2340071383313408,0.8819902106812075,60.57,"{'classifier__C': 0.001, 'classifier__penalty': 'l1'}"
Ridge_Lasso_SAGA,grid_search,adasyn,0.840330187648554,0.0069140463244409,0.1006424279946563,0.179755583023313,0.8029735079927984,0.2337310063191818,0.8807148198955345,0.8458201892744479,0.1016635859519408,0.181510471757986,0.8062959291600373,0.2331044884526902,0.8822868544997126,91.7,"{'classifier__C': 0.01, 'classifier__penalty': 'l1'}"
Ridge_Lasso_SAGA,grid_search,weights,0.822195165178799,0.0062892198951089,0.106183195184593,0.1880767867159441,0.8030872110769479,0.2335545777634856,0.8808111081722764,0.8280757097791798,0.1069845636558153,0.1894879314234153,0.8061909778900329,0.2349646465563924,0.8822149048969729,84.72,"{'classifier__C': 0.001, 'classifier__class_weight': {0: 1, 1: 32}, 'classifier__penalty': 'l1'}"
Ridge_Lasso_SAGA,random_search,sin_balanceo,0.0245421681189258,0.0032332588827092,0.4924602121084421,0.0467420990105334,0.5118788560196037,0.2356036384800738,0.8811282572988292,0.0264195583596214,0.5114503816793893,0.0502437195350581,0.5128160202587102,0.2382253225798454,0.8829237141387866,77.24,"{'classifier__C': 2.1368329072358767, 'classifier__penalty': 'l2'}"
Ridge_Lasso_SAGA,random_search,smote,0.8193366627254562,0.0083239621242149,0.1067899041479022,0.1889515283213252,0.8027192837516711,0.2333325485328147,0.8801048441956478,0.8276813880126183,0.1078290352409329,0.1908008362876102,0.8069905192757879,0.232142258217407,0.8818453095137652,87.51,"{'classifier__C': 0.05342937261279776, 'classifier__penalty': 'l1'}"
Ridge_Lasso_SAGA,random_search,adasyn,0.8400343298040482,0.0078182686353866,0.100835307501209,0.1800561446006938,0.8031162896386033,0.2340457016459699,0.8807871887564052,0.8450315457413249,0.1018681370917906,0.1818181818181818,0.8062707563820076,0.2338603929922405,0.8824515256139712,150.32,"{'classifier__C': 0.0017073967431528124, 'classifier__penalty': 'l2'}"
Ridge_Lasso_SAGA,random_search,weights,0.8757139215367322,0.0050354074168101,0.0895236901292907,0.162440871352491,0.7988667255160798,0.2348040070132481,0.881159069594543,0.8817034700315457,0.0902158563647367,0.1636836133377255,0.802119392642391,0.2359225203316043,0.8830408442200584,60.37,"{'classifier__C': 0.006290644294586149, 'classifier__class_weight': {0: 1, 1: 48.05824955647546}, 'classifier__penalty': 'l2'}"
Ridge_Lasso_SAGA,optuna,sin_balanceo,0.0245421681189258,0.0032332588827092,0.4934589636689915,0.0467456606763245,0.5118803941735115,0.2356709277704316,0.8811425531782993,0.0264195583596214,0.5114503816793893,0.0502437195350581,0.5128160202587102,0.2383069029118519,0.8829335348216572,273.37,"{'C': 2.1368329072358767, 'penalty': 'l1'}"
Ridge_Lasso_SAGA,optuna,smote,0.8207167499823982,0.0062739342878062,0.1068703966577252,0.1891147211945477,0.8033170370810346,0.2337577071724552,0.8808954976499486,0.8261041009463722,0.1078451559765263,0.190784081595483,0.8064233651357839,0.2343586995276499,0.8823616328861055,194.8,"{'C': 0.0017073967431528124, 'penalty': 'l1'}"
Ridge_Lasso_SAGA,optuna,adasyn,0.8403300905345399,0.0073913700545739,0.1009021907177671,0.1801695425138731,0.8033087763015601,0.2341268661394364,0.8808162259443263,0.8446372239747634,0.1017915696431117,0.1816870944484498,0.8060305281167315,0.2341459968492995,0.882497931251804,371.88,"{'C': 0.001154460820484616, 'penalty': 'l2'}"
Ridge_Lasso_SAGA,optuna,weights,0.8743339799508117,0.0054417734999492,0.0897127575813204,0.162728036453019,0.7987166445681047,0.2341603363226582,0.8810644052246669,0.8817034700315457,0.0904823567497572,0.1641221374045801,0.8025685239117712,0.2354585971974034,0.8829730407504772,187.41,"{'C': 0.16430008649637726, 'penalty': 'l1', 'class_weight_ratio': 48.012633183334074}"
Ridge_Lasso_SAGA,deap,sin_balanceo,0.0245421681189258,0.0032332588827092,0.4934589636689915,0.0467456606763245,0.5118803941735115,0.2356250790697569,0.8811325118451464,0.0264195583596214,0.5114503816793893,0.0502437195350581,0.5128160202587102,0.2382770481605731,0.8829285662548294,809.8,"{'C': 3.7044033717022686, 'penalty': 'l1'}"
Ridge_Lasso_SAGA,deap,smote,0.8212097492758936,0.0056834571454129,0.1053128129148129,0.1866839309906568,0.8017239084396068,0.2295150834258244,0.8797029168907076,0.8272870662460567,0.1068336897851105,0.1892306304681158,0.8057289788089073,0.2311479147504079,0.8809483861590324,264.07,"{'C': 0.00031438973756851146, 'penalty': 'l1'}"
Ridge_Lasso_SAGA,deap,adasyn,0.8409217576665444,0.0065666053437851,0.1004632898711904,0.179483193003742,0.8029539731304949,0.2339338504411793,0.8809383304038976,0.8470031545741324,0.1016275548826646,0.1814802298073673,0.806678227383045,0.2337105494473056,0.882480446651644,618.65,"{'C': 0.0038479706464625385, 'penalty': 'l1'}"
Ridge_Lasso_SAGA,deap,weights,0.82160374083183,0.0069133202577233,0.1072400534699104,0.1897166375571855,0.8040589324947947,0.2343214386133335,0.881085490508671,0.860410094637224,0.0988762008337864,0.1773695334092017,0.8078567675528985,0.2356353333327304,0.8829678586905436,226.91,"{'C': 1.7287087360389264, 'penalty': 'l1'}"
Naive_Bayes,baseline,sin_balanceo,0.5103429824199356,0.0362452313229182,0.166156851779169,0.250382272497072,0.7151073119499163,0.1368789382655581,0.8481972366503928,0.5090694006309149,0.1742945862022411,0.259680177008951,0.7169061134177855,0.1412779948420346,0.8544617642775261,2.98,{}
Naive_Bayes,baseline,smote,0.847526773119812,0.003463273475679,0.0680283550103201,0.1259441180748171,0.7424771099467836,0.2087714007411602,0.819751899416838,0.8414826498422713,0.0719002695417789,0.1324807549043953,0.7512650242861993,0.2056044633673236,0.818425763167983,3.95,{}
Naive_Bayes,baseline,adasyn,0.8493989370871138,0.0028242143501405,0.0696599883594725,0.1287527037116336,0.7475077497069772,0.2074180139696112,0.8208354377590696,0.8363564668769716,0.0769789133669654,0.140981754129416,0.7617082821661523,0.2021560063859784,0.8189538965907712,15.62,{}
Naive_Bayes,baseline,weights,0.7274782646696788,0.006878552049407,0.1113636530417726,0.1931527176335964,0.7731221482636764,0.136884680294976,0.8481964140678506,0.7350157728706624,0.1150617283950617,0.1989752348420153,0.7793058881088066,0.1412520056840685,0.85445993260372,3.08,{}
Naive_Bayes,grid_search,sin_balanceo,0.5267078591943907,0.0193879272029269,0.1705198241547484,0.2575729478267695,0.7233574333676677,0.1493367062140301,0.8533058102377298,0.5394321766561514,0.1751152073732718,0.2643989176652493,0.7300694869597635,0.1544812595328092,0.860682664681983,7.71,{'classifier__var_smoothing': 0.001}
Naive_Bayes,grid_search,smote,0.847526773119812,0.003463273475679,0.0680283550103201,0.1259441180748171,0.7424771099467836,0.2087714011774681,0.8197519009330076,0.8414826498422713,0.0719002695417789,0.1324807549043953,0.7512650242861993,0.205604456024554,0.8184257534637509,9.97,{'classifier__var_smoothing': 1e-11}
Naive_Bayes,grid_search,adasyn,0.8493989370871138,0.0028242143501405,0.0696599883594725,0.1287527037116336,0.7475077497069772,0.2074180139696112,0.8208354377590696,0.8363564668769716,0.0769789133669654,0.140981754129416,0.7617082821661523,0.2021560031072254,0.8189538868865393,30.53,{'classifier__var_smoothing': 1e-11}
Naive_Bayes,grid_search,weights,0.7302382935125411,0.0057459678618564,0.112644159680987,0.1951752915655301,0.7753173850842362,0.1490551125015445,0.8533003953155516,0.7417192429022083,0.1162187210379981,0.2009508039100475,0.7828545025851299,0.1543261249375422,0.8606800712259581,20.11,"{'classifier__priors': [0.5, 0.5], 'classifier__var_smoothing': 0.001}"
Naive_Bayes,random_search,sin_balanceo,0.518723679067317,0.0216061190677519,0.1678870589196181,0.2536117548235098,0.7192299876529598,0.1431618155867528,0.8510684482520736,0.527602523659306,0.1732263076126359,0.2608187134502924,0.7245115044835881,0.1479360399588967,0.8584441409456642,26.3,{'classifier__var_smoothing': 0.0005744851636320422}
Naive_Bayes,random_search,smote,0.847526773119812,0.003463273475679,0.0680311121970521,0.1259488357776071,0.7424848007163221,0.2087714025043917,0.8197519069983856,0.8414826498422713,0.0719002695417789,0.1324807549043953,0.7512650242861993,0.2056044635442175,0.8184257631679831,33.1,{'classifier__var_smoothing': 9.915644566638387e-09}
Naive_Bayes,random_search,adasyn,0.8493989370871138,0.0028242143501405,0.0696611532344543,0.1287546886985504,0.7475108259674749,0.2074180127894815,0.8208354529170296,0.8363564668769716,0.0769789133669654,0.140981754129416,0.7617082821661523,0.2021560288103293,0.8189539159992354,95.69,{'classifier__var_smoothing': 9.915644566638387e-09}
Naive_Bayes,random_search,weights,0.7620703251134413,0.018877303217311,0.1069643640965763,0.1875750546878454,0.7817030133496933,0.1368927941022028,0.8481967214051286,0.76301261829653,0.1104262968669748,0.1929308539807567,0.7856014019277108,0.1412497587252035,0.8544597894662969,26.26,"{'classifier__priors': [0.268421052631579, 0.731578947368421], 'classifier__var_smoothing': 7.280659548413401e-10}"
Naive_Bayes,optuna,sin_balanceo,0.5262149570149095,0.0195349061170283,0.1703084326183216,0.2572733188162736,0.7230894483124899,0.1486988987897262,0.853063464233174,0.5394321766561514,0.1755196304849884,0.2648596321393998,0.730180231656323,0.1539043162493514,0.8604503186792184,42.9,{'var_smoothing': 0.000959068392198319}
Naive_Bayes,optuna,smote,0.847526773119812,0.003463273475679,0.0680311121970521,0.1259488357776071,0.7424848007163221,0.2087714025043917,0.8197519069983856,0.8414826498422713,0.0719002695417789,0.1324807549043953,0.7512650242861993,0.2056044635442175,0.8184257631679831,54.7,{'var_smoothing': 9.915644566638387e-09}
Naive_Bayes,optuna,adasyn,0.8493989370871138,0.0028242143501405,0.0696611532344543,0.1287546886985504,0.7475108259674749,0.2074180127894815,0.8208354529170296,0.8363564668769716,0.0769789133669654,0.140981754129416,0.7617082821661523,0.2021560288103293,0.8189539159992354,240.45,{'var_smoothing': 9.915644566638387e-09}
Naive_Bayes,optuna,weights,0.8443688196034349,0.0215997611672222,0.088126549984494,0.1595092120252032,0.7851521904371845,0.1368971149364915,0.8481964882989139,0.8426656151419558,0.0907970768184908,0.1639306535747161,0.7896758208111216,0.1412709781710145,0.8544613542737205,42.4,"{'var_smoothing': 2.3022570627232255e-10, 'prior_fallecido': 0.8935600950603213}"
Naive_Bayes,deap,sin_balanceo,0.5103429824199356,0.0362452313229182,0.166156851779169,0.250382272497072,0.7151073119499163,0.1368789293489218,0.848197233618054,0.5090694006309149,0.1742945862022411,0.259680177008951,0.7169061134177855,0.141277988582494,0.8544617254605977,73.08,{'var_smoothing': 1.585207220265974e-11}
Naive_Bayes,deap,smote,0.847526773119812,0.003463273475679,0.0680283550103201,0.1259441180748171,0.7424771099467836,0.2087713651822544,0.8197519001749228,0.8414826498422713,0.0719002695417789,0.1324807549043953,0.7512650242861993,0.205604456024554,0.8184257534637509,93.0,{'var_smoothing': 1.585207220265974e-11}
Naive_Bayes,deap,adasyn,0.8493989370871138,0.0028242143501405,0.0696599883594725,0.1287527037116336,0.7475077497069772,0.2074180139696112,0.8208354377590696,0.8363564668769716,0.0769789133669654,0.140981754129416,0.7617082821661523,0.2021560031072254,0.8189538868865393,445.03,{'var_smoothing': 1.585207220265974e-11}
Naive_Bayes,deap,weights,0.7273797425021911,0.0068017870768296,0.1113639206085744,0.1931495904939066,0.7730851924111939,0.1369114330337101,0.8482104293234286,0.7480283911671924,0.1124081535908983,0.1954461158046569,0.7818561505966395,0.1412744607307459,0.8544951419837842,72.25,{'var_smoothing': 3.477204275099222e-06}
LinearSVC,baseline,sin_balanceo,0.0335108901227763,0.0023137148442274,0.4764810512347247,0.0626073256179057,0.5161817153335991,0.2312220265560627,0.8763218366741761,0.0358832807570977,0.4764397905759162,0.0667400073340667,0.5173263920643293,0.2339290294538907,0.8778401570129224,6.54,{}
LinearSVC,baseline,smote,0.8099734635955977,0.0067142202309783,0.1095464829886045,0.1929891664618783,0.8022291431752933,0.2312809398855355,0.8790846174857945,0.8158517350157729,0.110783893767402,0.1950782575900433,0.8057515799654343,0.2302961968624893,0.8816703737480182,13.13,{}
LinearSVC,baseline,adasyn,0.8293898569267786,0.0081391270866732,0.1026182149988322,0.1826380568150033,0.8015056079327353,0.2297061612776065,0.8790181582617846,0.8383280757097792,0.1040830314305297,0.185175507359986,0.8065735963526993,0.2288945471506909,0.8815442721041834,25.27,{}
LinearSVC,baseline,weights,0.0142915896835782,0.0027362773144738,0.5506974967712595,0.027828442042584,0.506961216940679,0.2328162765743368,0.880146013856517,0.0126182965299684,0.4923076923076923,0.0246059207996924,0.5061061163212918,0.234945805458382,0.8827519055618291,8.12,{}
LinearSVC,grid_search,sin_balanceo,0.033609412290264,0.0022579355964853,0.4772431809041107,0.0627863732905203,0.516230976417343,0.2312230531531001,0.8763219473386515,0.0358832807570977,0.4764397905759162,0.0667400073340667,0.5173263920643293,0.2338924739964438,0.8778375950956518,96.9,"{'classifier__estimator__C': 10.0, 'classifier__estimator__loss': 'squared_hinge', 'classifier__estimator__penalty': 'l2'}"
LinearSVC,grid_search,smote,0.8099734635955977,0.0067142202309783,0.1095848240543462,0.1930485706421906,0.8022691353188458,0.2314002602087734,0.8791600851063786,0.8186119873817035,0.1102320395051239,0.1943001544293135,0.8062088336770702,0.2304131922800339,0.8817060731918027,104.35,"{'classifier__estimator__C': 0.1, 'classifier__estimator__loss': 'squared_hinge', 'classifier__estimator__penalty': 'l1'}"
LinearSVC,grid_search,adasyn,0.8301782770517157,0.0086450228268459,0.1031405638718652,0.1834838480846145,0.802430479437237,0.2308161108337532,0.8795048524365466,0.8367507886435331,0.1044651208585634,0.1857411702919164,0.8064555734820757,0.2304544932508743,0.8818120142934799,108.58,"{'classifier__estimator__C': 0.01, 'classifier__estimator__loss': 'squared_hinge', 'classifier__estimator__penalty': 'l1'}"
LinearSVC,grid_search,weights,0.0268088577692425,0.0029361930315964,0.4936839179415061,0.0508478493802176,0.5129768234231796,0.232775901807749,0.8790368716186304,0.029968454258675,0.5205479452054794,0.0566741237882177,0.5145535533093838,0.235416469011844,0.8813571284144729,158.5,"{'classifier__estimator__C': 0.1, 'classifier__estimator__class_weight': {0: 1, 1: 8}, 'classifier__estimator__loss': 'squared_hinge', 'classifier__estimator__penalty': 'l2'}"
LinearSVC,random_search,sin_balanceo,0.033609412290264,0.0022579355964853,0.4772431809041107,0.0627863732905203,0.516230976417343,0.2312263856946229,0.876321368335595,0.0358832807570977,0.4764397905759162,0.0667400073340667,0.5173263920643293,0.2339090717728872,0.877835916263501,169.25,"{'classifier__estimator__C': 2.1368329072358767, 'classifier__estimator__loss': 'squared_hinge', 'classifier__estimator__penalty': 'l2'}"
LinearSVC,random_search,smote,0.8103675037085415,0.0077079440939027,0.1096968188696203,0.1932342692300476,0.8025415218648074,0.2323689762940612,0.8795917305258814,0.817429022082019,0.1106544251094267,0.1949224259520451,0.8062079894088787,0.2318535828068255,0.882004102289438,179.37,"{'classifier__estimator__C': 0.0016813042706040676, 'classifier__estimator__loss': 'squared_hinge', 'classifier__estimator__penalty': 'l2'}"
LinearSVC,random_search,adasyn,0.8295869012617538,0.008399000316381,0.102729495046555,0.1828188666012586,0.8017133388383979,0.2300991414615043,0.8792299206452201,0.8379337539432177,0.104197312935177,0.1853467073702573,0.8065671624468267,0.2293708423123472,0.8816502908397172,226.6,"{'classifier__estimator__C': 0.03148911647956861, 'classifier__estimator__loss': 'squared_hinge', 'classifier__estimator__penalty': 'l1'}"
LinearSVC,random_search,weights,0.028484365857626,0.0029493176610838,0.484732392560902,0.0537997121752005,0.5137715092762504,0.2323064794146517,0.8786634935760148,0.0315457413249211,0.5,0.059347181008902,0.5152806720110849,0.2349891522457159,0.8809131670747361,92.07,"{'classifier__estimator__C': 0.679657809075816, 'classifier__estimator__class_weight': {0: 1, 1: 6.318855239814498}, 'classifier__estimator__loss': 'squared_hinge', 'classifier__estimator__penalty': 'l2'}"
LinearSVC,optuna,sin_balanceo,0.033609412290264,0.0022579355964853,0.4772431809041107,0.0627863732905203,0.516230976417343,0.2312259514331238,0.8763214547509515,0.0358832807570977,0.4764397905759162,0.0667400073340667,0.5173263920643293,0.2338888852259486,0.8778343926990638,267.55,"{'C': 7.443070276210447, 'penalty': 'l2'}"
LinearSVC,optuna,smote,0.810761883720535,0.0075752039009943,0.1094961780915256,0.1929339717324415,0.8024772262506511,0.2322682095761321,0.8796137192541493,0.818217665615142,0.110384083413129,0.1945251710884035,0.8062208572206241,0.2318627042405894,0.8819615662141493,307.35,"{'C': 0.008698394786390376, 'penalty': 'l1'}"
LinearSVC,optuna,adasyn,0.8300797548842279,0.0081990391351832,0.102885077176053,0.1830771519887425,0.8020828172761438,0.2302894037920905,0.8793085895915246,0.8375394321766562,0.1041789287816362,0.1853079741755365,0.8064007639792569,0.2295856356005658,0.8816967765374648,509.69,"{'C': 0.021206551805691223, 'penalty': 'l1'}"
LinearSVC,optuna,weights,0.0305541568439887,0.0025541177287552,0.4781969015193087,0.0574210103363753,0.5147571839153625,0.2317920159819416,0.8780724284621992,0.0335173501577287,0.4941860465116279,0.0627769571639586,0.5162234090454932,0.2346769074242592,0.8801844520268569,156.29,"{'C': 1.326188235483579, 'penalty': 'l2', 'class_weight_ratio': 4.183457446558611}"
LinearSVC,deap,sin_balanceo,0.033609412290264,0.0022579355964853,0.4772431809041107,0.0627863732905203,0.516230976417343,0.2312243136480699,0.8763215774495314,0.0358832807570977,0.4764397905759162,0.0667400073340667,0.5173263920643293,0.2338890143939724,0.877834426663876,921.47,"{'C': 5.45310688221255, 'penalty': 'l2'}"
LinearSVC,deap,smote,0.810761835163528,0.0076781973358625,0.1094274346872244,0.1928273388927937,0.8024049089750747,0.2322199498117851,0.8795947655289551,0.817429022082019,0.1102776891158633,0.1943376769475954,0.8058142304877782,0.2317856792917466,0.8819507338650838,625.51,"{'C': 0.009220270296594713, 'penalty': 'l1'}"
LinearSVC,deap,adasyn,0.8299811841597331,0.0083437112168752,0.1028678414806541,0.1830474175336838,0.8020258414282637,0.2302608309059636,0.8792947304811687,0.8375394321766562,0.1041687101520353,0.1852918084271133,0.8063884590129724,0.2295421130298277,0.8816883047428541,966.09,"{'C': 0.022533480083290446, 'penalty': 'l1'}"
LinearSVC,deap,weights,0.0138973553426061,0.002483101371735,0.5581557931557931,0.0270888335823116,0.5067733286699803,0.2332422958235643,0.88019532434555,0.0319400630914826,0.4939024390243902,0.06,0.515459375444939,0.2349506223650145,0.8803926393438448,827.99,"{'C': 0.02779403904577433, 'penalty': 'l1'}"
KNN_Estandar,baseline,sin_balanceo,0.0955951300665456,0.0053912574808785,0.3531589565158205,0.1503809366143562,0.545054506940824,0.1225786354617292,0.7096591977377903,0.0918769716088328,0.3319088319088319,0.1439159975293391,0.5430529712107264,0.1217422088621614,0.7138111475308785,25.04,{}
KNN_Estandar,baseline,smote,0.4490747342494167,0.0254844040647662,0.1484557692653698,0.2231313835416313,0.6843093185024165,0.1115841373272037,0.7442579992817775,0.444794952681388,0.1514907332796132,0.2260068122620717,0.6835260878482985,0.1128010871095727,0.7437940416868968,36.01,{}
KNN_Estandar,baseline,adasyn,0.4500610362112177,0.0260489930105634,0.1452486021323953,0.2196143158875854,0.6836949833167202,0.1100160725844674,0.7452216080823502,0.4475552050473186,0.14942074776198,0.2240426371891038,0.6840264089419297,0.1106724484878875,0.7426327095465888,36.96,{}
KNN_Estandar,baseline,weights,0.0955951300665456,0.0053912574808785,0.3531589565158205,0.1503809366143562,0.545054506940824,0.1225786354617292,0.7096591977377903,0.0918769716088328,0.3319088319088319,0.1439159975293391,0.5430529712107264,0.1217422088621614,0.7138111475308785,18.93,{}
KNN_Estandar,grid_search,sin_balanceo,0.1294318771065595,0.0096704293260124,0.2357106682094645,0.1670898560204317,0.5581633702540125,0.0878233926823567,0.6469195888533733,0.1352523659305993,0.2309764309764309,0.1706043272817707,0.5606000472169116,0.0902816814916253,0.6558181859327761,398.18,"{'classifier__metric': 'manhattan', 'classifier__n_neighbors': 3, 'classifier__weights': 'distance'}"
KNN_Estandar,grid_search,smote,0.6248368766744448,0.0173703259180842,0.1257244927265888,0.2093250734516822,0.7445803952259566,0.1454544633651804,0.8107206004848081,0.6218454258675079,0.1297301743994735,0.2146746528723114,0.7458355937724604,0.1480724060040953,0.8171562142835738,769.53,"{'classifier__metric': 'minkowski', 'classifier__n_neighbors': 15, 'classifier__weights': 'uniform'}"
KNN_Estandar,grid_search,adasyn,0.6310787745225132,0.0154282899353896,0.1223771407861693,0.2049924237531844,0.7448711286559148,0.1402363011213942,0.8091798300548658,0.6214511041009464,0.1249108345882539,0.2080116148617435,0.7427959856774851,0.1406095865433902,0.8137081380777142,773.58,"{'classifier__metric': 'minkowski', 'classifier__n_neighbors': 15, 'classifier__weights': 'uniform'}"
KNN_Estandar,grid_search,weights,0.1294318771065595,0.0096704293260124,0.2357106682094645,0.1670898560204317,0.5581633702540125,0.0878233926823567,0.6469195888533733,0.1352523659305993,0.2309764309764309,0.1706043272817707,0.5606000472169116,0.0902816814916253,0.6558181859327761,396.52,"{'classifier__metric': 'manhattan', 'classifier__n_neighbors': 3, 'classifier__weights': 'distance'}"
KNN_Estandar,random_search,sin_balanceo,0.1271324863883847,0.0076291009867453,0.2319536418452548,0.1642384244116134,0.5569931657555265,0.0877715942788416,0.6502293365526374,0.1344637223974763,0.2316576086956521,0.1701596806387225,0.5602734027649143,0.0908883992678276,0.6583434842835691,249.75,"{'classifier__metric': 'minkowski', 'classifier__n_neighbors': 3, 'classifier__weights': 'distance'}"
KNN_Estandar,random_search,smote,0.6912021432892577,0.0183896268035655,0.1198054485552891,0.2042098234525284,0.7663293644501318,0.1612941134149797,0.8310849914086373,0.6983438485804416,0.1236731843575419,0.2101328903654485,0.7719644133388008,0.1633172988871716,0.836195643490735,481.19,"{'classifier__metric': 'minkowski', 'classifier__n_neighbors': 23, 'classifier__weights': 'uniform'}"
KNN_Estandar,random_search,adasyn,0.6971134733385187,0.0151282041686865,0.115154121730151,0.1976510125815497,0.7649371626397785,0.152525265891554,0.8288031896531395,0.6963722397476341,0.1183646112600536,0.2023373052245646,0.7672563566213684,0.154490981204849,0.8325832988962483,487.42,"{'classifier__metric': 'minkowski', 'classifier__n_neighbors': 23, 'classifier__weights': 'uniform'}"
KNN_Estandar,random_search,weights,0.1271324863883847,0.0076291009867453,0.2319536418452548,0.1642384244116134,0.5569931657555265,0.0877715942788416,0.6502293365526374,0.1344637223974763,0.2316576086956521,0.1701596806387225,0.5602734027649143,0.0908883992678276,0.6583434842835691,248.2,"{'classifier__metric': 'minkowski', 'classifier__n_neighbors': 3, 'classifier__weights': 'distance'}"
KNN_Estandar,optuna,sin_balanceo,0.1271324863883847,0.0076291009867453,0.2319536418452548,0.1642384244116134,0.5569931657555265,0.0877715942788416,0.6502293365526374,0.1344637223974763,0.2316576086956521,0.1701596806387225,0.5602734027649143,0.0908883992678276,0.6583434842835691,350.59,"{'n_neighbors': 3, 'weights': 'distance', 'metric': 'minkowski'}"
KNN_Estandar,optuna,smote,0.718796452337741,0.018247360515568,0.1151334222817485,0.1984740262624858,0.7731637668355701,0.1672620466851964,0.8384596005024273,0.7243690851735016,0.1198147665014349,0.205618983657936,0.7791567825828132,0.1682557720958505,0.8448204495807694,679.27,"{'n_neighbors': 29, 'weights': 'uniform', 'metric': 'minkowski'}"
KNN_Estandar,optuna,adasyn,0.72470724224354,0.0125112503766964,0.1101072341836418,0.1911657351381448,0.7709201793387448,0.158452621426422,0.8362809241820589,0.7330441640378549,0.1144633951111384,0.19800820152314,0.7780370694678618,0.1590116899383305,0.841664832243328,694.68,"{'n_neighbors': 29, 'weights': 'uniform', 'metric': 'minkowski'}"
KNN_Estandar,optuna,weights,0.1271324863883847,0.0076291009867453,0.2319536418452548,0.1642384244116134,0.5569931657555265,0.0877715942788416,0.6502293365526374,0.1344637223974763,0.2316576086956521,0.1701596806387225,0.5602734027649143,0.0908883992678276,0.6583434842835691,356.01,"{'n_neighbors': 3, 'weights': 'distance', 'metric': 'minkowski'}"
KNN_Estandar,deap,sin_balanceo,0.1294318771065595,0.0096704293260124,0.2357106682094645,0.1670898560204317,0.5581633702540125,0.0878233926823567,0.6469195888533733,0.1352523659305993,0.2309764309764309,0.1706043272817707,0.5606000472169116,0.0902816814916253,0.6558181859327761,1048.31,"{'n_neighbors': 3, 'weights': 'distance', 'metric': 'manhattan'}"
KNN_Estandar,deap,smote,0.718796452337741,0.018247360515568,0.1151334222817485,0.1984740262624858,0.7731637668355701,0.1672620466851964,0.8384596005024273,0.7243690851735016,0.1198147665014349,0.205618983657936,0.7791567825828132,0.1682557720958505,0.8448204495807694,1330.9,"{'n_neighbors': 29, 'weights': 'uniform', 'metric': 'minkowski'}"
KNN_Estandar,deap,adasyn,0.72470724224354,0.0125112503766964,0.1101072341836418,0.1911657351381448,0.7709201793387448,0.158452621426422,0.8362809241820589,0.7330441640378549,0.1144633951111384,0.19800820152314,0.7780370694678618,0.1590116899383305,0.841664832243328,1358.97,"{'n_neighbors': 29, 'weights': 'uniform', 'metric': 'minkowski'}"
KNN_Estandar,deap,weights,0.1294318771065595,0.0096704293260124,0.2357106682094645,0.1670898560204317,0.5581633702540125,0.0878233926823567,0.6469195888533733,0.1352523659305993,0.2309764309764309,0.1706043272817707,0.5606000472169116,0.0902816814916253,0.6558181859327761,1018.96,"{'n_neighbors': 3, 'weights': 'distance', 'metric': 'manhattan'}"
RegLog_Estandar,baseline,sin_balanceo,0.0244435973944309,0.0033104111316413,0.4923405426163599,0.0465613247950793,0.5118311088112641,0.2356444669824174,0.8811365963149704,0.0264195583596214,0.5153846153846153,0.0502625656414103,0.5128221727418524,0.2382389325733164,0.8829252231468759,7.87,{}
RegLog_Estandar,baseline,smote,0.8181537654745112,0.0084339359011245,0.1066040403090869,0.188629155817265,0.8020739999760179,0.2328015445573999,0.8797476480647181,0.8261041009463722,0.1076677973070202,0.1905065017732108,0.8062264856752337,0.2315436319091208,0.8816491069234028,18.76,{}
RegLog_Estandar,baseline,adasyn,0.8377673002546814,0.0080702853754025,0.1004521418169358,0.1793934484436273,0.8018043501699108,0.2318744523105923,0.879719942365847,0.8458201892744479,0.1012843516857116,0.1809057940457114,0.8058098829918039,0.2307491683963132,0.8815892754804799,26.12,{}
RegLog_Estandar,baseline,weights,0.82160374083183,0.0069133202577233,0.1072442075393856,0.1897231339449619,0.8040635469565178,0.2343225875955968,0.8810867699747476,0.8253154574132492,0.1078143512079534,0.1907148389448266,0.8060967206837866,0.235862292026651,0.8829735696311258,9.95,{}
RegLog_Estandar,grid_search,sin_balanceo,0.0246406902864135,0.003088614781954,0.4908509128207962,0.0469138554234507,0.5119235026652834,0.2355814769932062,0.881123687328321,0.0264195583596214,0.5114503816793893,0.0502437195350581,0.5128160202587102,0.2382169360076494,0.8829234181597081,19.15,{'classifier__C': 10.0}
RegLog_Estandar,grid_search,smote,0.8190409505519718,0.0086553011680311,0.1069398355857528,0.18917835940234,0.8027775387980529,0.233906101496321,0.8804567777186326,0.8276813880126183,0.1081067161104244,0.1912354227405248,0.8072981434328976,0.2331091820910951,0.8821363224516027,40.93,{'classifier__C': 0.01}
RegLog_Estandar,grid_search,adasyn,0.8399359533075819,0.0070489020674466,0.1008680260896756,0.180106081465761,0.8031224748837289,0.2341658607746704,0.8808182673363845,0.8450315457413249,0.1018100622357356,0.1817256730973076,0.8061969265843012,0.2342491955714183,0.8825084215266884,53.53,{'classifier__C': 0.001}
RegLog_Estandar,grid_search,weights,0.82160374083183,0.0069133202577233,0.1073134241690724,0.189831390704211,0.8041404543443372,0.2343077218176236,0.8810816684505776,0.8253154574132492,0.1078810370599453,0.1908191639695491,0.8061705504814929,0.2358476351331903,0.8829708524461419,56.18,"{'classifier__C': 10.0, 'classifier__class_weight': {0: 1, 1: 32}}"
RegLog_Estandar,random_search,sin_balanceo,0.0246407388434206,0.0031665175898076,0.4907239574655639,0.0469129012034124,0.5119235269437871,0.2355828435529796,0.8811239982259501,0.0264195583596214,0.5114503816793893,0.0502437195350581,0.5128160202587102,0.2381948626177927,0.8829238597022679,56.66,{'classifier__C': 6.351221010640703}
RegLog_Estandar,random_search,smote,0.8189424769414912,0.0083287156742327,0.1070519154644142,0.1893510220283745,0.8028651972647376,0.234097500147459,0.8805562982596079,0.8272870662460567,0.1081331821461705,0.1912662959248792,0.8071809648304655,0.2333339007641364,0.882229677164265,139.24,{'classifier__C': 0.0070689749506246055}
RegLog_Estandar,random_search,adasyn,0.8403300905345399,0.0072184584555512,0.1008953827809007,0.1801586400003161,0.8032995474017728,0.2341050149472997,0.8808126784509241,0.8446372239747634,0.1017867325603497,0.181679389312977,0.8060243756335893,0.2341281753896837,0.8824945008057618,184.87,{'classifier__C': 0.0012087541473056963}
RegLog_Estandar,random_search,weights,0.8487077766474785,0.0068794778591951,0.0982229628976383,0.1760687920136447,0.802753967966677,0.2351981706993708,0.8811513105564233,0.8564668769716088,0.0992823513278785,0.1779379838610576,0.8069987581688285,0.2364316419455337,0.8829813669816065,64.68,"{'classifier__C': 0.0015369603110608836, 'classifier__class_weight': {0: 1, 1: 38.78282859721747}}"
RegLog_Estandar,optuna,sin_balanceo,0.0246407388434206,0.0031665175898076,0.4907239574655639,0.0469129012034124,0.5119235269437871,0.2355828435529796,0.8811239982259501,0.0264195583596214,0.5114503816793893,0.0502437195350581,0.5128160202587102,0.2381948626177927,0.8829238597022679,85.24,{'C': 6.351221010640703}
RegLog_Estandar,optuna,smote,0.8192381891149758,0.0083676885550661,0.1069851637977864,0.1892545987113951,0.802900768613054,0.2340083993484554,0.8805035179609202,0.8276813880126183,0.1081011484781377,0.1912267116111693,0.8072919909497556,0.2332337469281846,0.8821779536072494,149.04,{'C': 0.008536939993361437}
RegLog_Estandar,optuna,adasyn,0.8403300905345399,0.0072184584555512,0.1008953827809007,0.1801586400003161,0.8032995474017728,0.2341113184406985,0.8808123828214539,0.8446372239747634,0.1017867325603497,0.181679389312977,0.8060243756335893,0.2341295274602122,0.8824950102779462,282.19,{'C': 0.001208149945797898}
RegLog_Estandar,optuna,weights,0.875221067914258,0.0049685645782104,0.0898099263282253,0.1629034204404371,0.7991847989177155,0.2348440947825054,0.8811655843282551,0.8813091482649842,0.0904821667138982,0.1641149906377354,0.8024328878599125,0.2360228073997468,0.8830307615229216,79.93,"{'C': 0.004798184096846671, 'class_weight_ratio': 47.70358588278503}"
RegLog_Estandar,deap,sin_balanceo,0.0247392610109083,0.0030154583585902,0.4919449586865651,0.0470979331836993,0.5119727880275308,0.2355768515133981,0.881121875635128,0.0264195583596214,0.5114503816793893,0.0502437195350581,0.5128160202587102,0.2381905911244429,0.8829219819333594,179.08,{'C': 11.208524092249766}
RegLog_Estandar,deap,smote,0.8192380920009613,0.0086661374224932,0.1069321879657859,0.1891717486119391,0.8028422700656023,0.2338578707092389,0.8804220401549043,0.8272870662460567,0.1079717976429417,0.1910137934173988,0.8070025428193418,0.2330399938687576,0.8821076318894419,235.95,{'C': 0.011250997475300064}
RegLog_Estandar,deap,adasyn,0.8404286612590346,0.0072343928601615,0.1008952548130262,0.180160738231985,0.8033349894498276,0.2341033221752807,0.8808088317717138,0.8442429022082019,0.1017440479019151,0.1816022732092116,0.8058272147503085,0.2340760324285285,0.8824876496179095,427.95,{'C': 0.0013157969572072453}
RegLog_Estandar,deap,weights,0.82160374083183,0.0069133202577233,0.1072456319538317,0.1897253598274995,0.8040650850394488,0.2343222322026651,0.8810909647888794,0.8383280757097792,0.1038796051988664,0.1848534910007825,0.8063274970270115,0.2357593564075321,0.8829711241646403,164.94,{'C': 0.589678240661738}
Decision_Tree,baseline,sin_balanceo,0.1481368433575228,0.0023008706430448,0.2227889604974157,0.1779368990968635,0.5659977530142332,0.0862128212051635,0.631119530478333,0.1537854889589905,0.2401477832512315,0.1875,0.5693005802820251,0.09504947151916,0.643277678527205,5.14,{}
Decision_Tree,baseline,smote,0.2019519431300332,0.0049103056959926,0.1631250515065118,0.1804175483375572,0.5847900301148595,0.0834067427944373,0.6320092785759691,0.2050473186119873,0.1554559043348281,0.1768406733548716,0.5851428944292895,0.0836895532360377,0.6329758889425942,10.0,{}
Decision_Tree,baseline,adasyn,0.2044151915452539,0.0053257438359172,0.1598410631141735,0.1793579192528155,0.5854310028433798,0.0830291477718451,0.6304755108129514,0.2062302839116719,0.1485373473445044,0.1726927521875516,0.5846699974955318,0.0796539576266546,0.6270830813467734,17.96,{}
Decision_Tree,baseline,weights,0.3178604811513837,0.0078031214115062,0.0993790880707956,0.1514172445382049,0.6139747543887466,0.080518961122823,0.6181301446232992,0.3363564668769716,0.1001879257693211,0.1543891402714932,0.6210440600861208,0.0856193967257364,0.6239675788787157,4.18,{}
Decision_Tree,grid_search,sin_balanceo,0.1481368433575228,0.0023008706430448,0.2227889604974157,0.1779368990968635,0.5659977530142332,0.0862128212051635,0.631119530478333,0.1537854889589905,0.2401477832512315,0.1875,0.5693005802820251,0.09504947151916,0.643277678527205,61.3,"{'classifier__max_depth': None, 'classifier__min_samples_leaf': 1, 'classifier__min_samples_split': 2}"
Decision_Tree,grid_search,smote,0.835895233401394,0.0106219269255805,0.0988362522839978,0.1767496088043755,0.7988933076546048,0.1604317542246394,0.8657566841043959,0.8430599369085173,0.096838481746535,0.1737222718777931,0.7988494545988667,0.1632440244813766,0.8668173284280122,102.24,"{'classifier__max_depth': 3, 'classifier__min_samples_leaf': 1, 'classifier__min_samples_split': 2}"
Decision_Tree,grid_search,adasyn,0.8507794128001127,0.0065818689680221,0.0943133695882453,0.1697961137672482,0.7978402300320162,0.1591211014281521,0.8648434257951342,0.8525236593059937,0.0938123752495009,0.1690250957704636,0.7977733717113716,0.1627562618458488,0.8662872298982267,240.64,"{'classifier__max_depth': 3, 'classifier__min_samples_leaf': 1, 'classifier__min_samples_split': 2}"
Decision_Tree,grid_search,weights,0.8340195733295783,0.0268307127944322,0.1025165132788625,0.1824666155689816,0.8025468259377678,0.1933783661856867,0.8770469851684451,0.820583596214511,0.1098210987387197,0.1937165464277402,0.8065117124646901,0.1981907757421973,0.8770295673589381,176.64,"{'classifier__class_weight': {0: 1, 1: 32}, 'classifier__max_depth': 5, 'classifier__min_samples_leaf': 1, 'classifier__min_samples_split': 2}"
Decision_Tree,random_search,sin_balanceo,0.0966884606700381,0.0058532579327481,0.3514768163981706,0.1515207411424127,0.54554172179361,0.1638103143441839,0.733237692492956,0.0954258675078864,0.3398876404494382,0.1490147783251231,0.5448212666771111,0.1694357244433585,0.7418852871653069,28.04,"{'classifier__max_depth': 19, 'classifier__min_samples_leaf': 3, 'classifier__min_samples_split': 13}"
Decision_Tree,random_search,smote,0.8076103882861076,0.0155955929347968,0.1102977041911834,0.1940166856663518,0.8018643743305095,0.1899886008310201,0.8743174750810907,0.804416403785489,0.1109238214343972,0.1949634443541836,0.8016089500346946,0.190447730961869,0.8712991891997642,47.54,"{'classifier__max_depth': 6, 'classifier__min_samples_leaf': 9, 'classifier__min_samples_split': 15}"
Decision_Tree,random_search,adasyn,0.8270227028286884,0.0254975360226266,0.1055717472892996,0.1870668871285694,0.8034291208225465,0.17893783267517,0.8726339838704711,0.805993690851735,0.107635597682991,0.1899098764285051,0.7987368660982108,0.1810878959491125,0.8688384628092681,113.31,"{'classifier__max_depth': 5, 'classifier__min_samples_leaf': 5, 'classifier__min_samples_split': 8}"
Decision_Tree,random_search,weights,0.9094222444505412,0.0029030725193981,0.0793669218819393,0.145982003861316,0.7898923018529105,0.1883947528045171,0.8768438572624817,0.9014195583596214,0.0807517044049595,0.1482249959474793,0.7906037103704393,0.1888353751879197,0.8763087127390483,27.49,"{'classifier__class_weight': {0: 1, 1: 48.05824955647546}, 'classifier__max_depth': 5, 'classifier__min_samples_leaf': 5, 'classifier__min_samples_split': 8}"
Decision_Tree,optuna,sin_balanceo,0.0953089075401748,0.0059090566982661,0.3404406089689222,0.1487216413654211,0.5447473511178382,0.1633419221210065,0.7349302282457311,0.1001577287066246,0.3382157123834887,0.1545482202616367,0.5470210802316408,0.1681735773465323,0.7370774394032814,48.82,"{'max_depth': 18, 'min_samples_split': 10, 'min_samples_leaf': 3}"
Decision_Tree,optuna,smote,0.835895233401394,0.0106219269255805,0.0988362522839978,0.1767496088043755,0.7988933076546048,0.1604317542246394,0.8657566841043959,0.8430599369085173,0.096838481746535,0.1737222718777931,0.7988494545988667,0.1632440244813766,0.8668173284280122,76.02,"{'max_depth': 3, 'min_samples_split': 20, 'min_samples_leaf': 7}"
Decision_Tree,optuna,adasyn,0.8507794128001127,0.0065818689680221,0.0943133695882453,0.1697961137672482,0.7978402300320162,0.1591211014281521,0.8648434257951342,0.8525236593059937,0.0938123752495009,0.1690250957704636,0.7977733717113716,0.1627562618458488,0.8662872298982267,215.17,"{'max_depth': 3, 'min_samples_split': 20, 'min_samples_leaf': 4}"
Decision_Tree,optuna,weights,0.8840898595974138,0.0209886478133798,0.0871169803206461,0.1585477804703516,0.796986673382284,0.1882396907715858,0.8770186179545594,0.9014195583596214,0.0807517044049595,0.1482249959474793,0.7906037103704393,0.1888353751879197,0.8763087127390483,44.88,"{'max_depth': 5, 'min_samples_split': 9, 'min_samples_leaf': 10, 'class_weight_ratio': 46.362946700427024}"
Decision_Tree,deap,sin_balanceo,0.1050665837960411,0.006096409603804,0.3320099744849429,0.1594381729890865,0.5492185799270825,0.1446210611171891,0.7006954107274408,0.0985804416403785,0.3136762860727729,0.15001500150015,0.545924812541408,0.1514936683915366,0.7082951722493432,89.77,"{'max_depth': 20, 'min_samples_split': 7, 'min_samples_leaf': 3}"
Decision_Tree,deap,smote,0.835895233401394,0.0106219269255805,0.0988362522839978,0.1767496088043755,0.7988933076546048,0.1604317542246394,0.8657566841043959,0.8430599369085173,0.096838481746535,0.1737222718777931,0.7988494545988667,0.1632440244813766,0.8668173284280122,114.05,"{'max_depth': 3, 'min_samples_split': 6, 'min_samples_leaf': 7}"
Decision_Tree,deap,adasyn,0.8507794128001127,0.0065818689680221,0.0943133695882453,0.1697961137672482,0.7978402300320162,0.1591211014281521,0.8648434257951342,0.8525236593059937,0.0938123752495009,0.1690250957704636,0.7977733717113716,0.1627562618458488,0.8662872298982267,381.42,"{'max_depth': 3, 'min_samples_split': 6, 'min_samples_leaf': 7}"
Decision_Tree,deap,weights,0.8370757028019821,0.0158225731093215,0.1041882358683095,0.185280434958161,0.8060929886078945,0.2043312816675682,0.8795090438509007,0.8576498422712934,0.0992108744241207,0.1778486446706733,0.8073256840435563,0.2054073512900104,0.8784865947290648,82.22,"{'max_depth': 6, 'min_samples_split': 7, 'min_samples_leaf': 7}"
Random_Forest,baseline,sin_balanceo,0.1083186893492632,0.0032944436231201,0.2911226227932018,0.157841288633561,0.5500386427295147,0.1641373187941949,0.8003191309668818,0.1104100946372239,0.3020496224379719,0.1617095004331504,0.551224390725611,0.1654363398134775,0.8050513225781459,20.75,{}
Random_Forest,baseline,smote,0.2430512737716898,0.0039489064963032,0.1891128210218004,0.2126908668132444,0.6052566336578269,0.1456044889650255,0.8060978404361825,0.2563091482649842,0.1752493933674845,0.2081665332265812,0.609334128200514,0.1420005972168531,0.8073244928490679,49.05,{}
Random_Forest,baseline,adasyn,0.2452191984694831,0.0049335605339137,0.1820739721752833,0.2089286077365625,0.6054069384064902,0.14244767000934,0.8038072290876606,0.2606466876971609,0.1720010408534998,0.2072425145007054,0.6107461424901122,0.1390500443863452,0.8066323821646151,55.28,{}
Random_Forest,baseline,weights,0.242953771301352,0.0049011929846899,0.1189785028325177,0.1597297987340613,0.5933979705989076,0.1071886641526101,0.7763710453413923,0.2756309148264984,0.1202684101858224,0.1674652611403929,0.6063578111072001,0.1057503974448067,0.7805254650500916,14.21,{}
Random_Forest,grid_search,sin_balanceo,0.1083186893492632,0.0032944436231201,0.2911226227932018,0.157841288633561,0.5500386427295147,0.1641399848155854,0.8003186518403809,0.1104100946372239,0.3020496224379719,0.1617095004331504,0.551224390725611,0.1654355000667482,0.8050512134055349,304.27,"{'classifier__max_depth': None, 'classifier__max_features': 'sqrt', 'classifier__min_samples_split': 2, 'classifier__n_estimators': 100}"
Random_Forest,grid_search,smote,0.8235759807908479,0.003243851861786,0.1060600672158301,0.1879124732572267,0.8034161514134329,0.2313492757678695,0.8759798660097295,0.8363564668769716,0.1036707561464392,0.1844748858447489,0.8053539975768921,0.229908893118692,0.8790221688718045,899.55,"{'classifier__max_depth': 5, 'classifier__max_features': 'sqrt', 'classifier__min_samples_split': 2, 'classifier__n_estimators': 100}"
Random_Forest,grid_search,adasyn,0.849497362140587,0.0040344052943384,0.0989724649589486,0.1772877103022963,0.8040362708098595,0.2311567932567718,0.8764061847442395,0.8466088328075709,0.0992556978410614,0.1776803078578226,0.803429434861235,0.2306055917906507,0.8798299394463681,899.11,"{'classifier__max_depth': 5, 'classifier__max_features': 'sqrt', 'classifier__min_samples_split': 2, 'classifier__n_estimators': 200}"
Random_Forest,grid_search,weights,0.8069181110353083,0.0063781656085914,0.1169938111322791,0.2043556654041191,0.808412201748871,0.2414602876327304,0.8846712192214842,0.8150630914826499,0.1179121505989731,0.2060201335592544,0.8123956989135452,0.2440460037048455,0.887179815655302,860.09,"{'classifier__class_weight': {0: 1, 1: 32}, 'classifier__max_depth': 10, 'classifier__max_features': 'sqrt', 'classifier__min_samples_split': 2, 'classifier__n_estimators': 100}"
Random_Forest,random_search,sin_balanceo,0.0265132427097723,0.0042688937264095,0.5612974879686636,0.0506104198138243,0.5129351479689218,0.2509153850687907,0.8867095076981635,0.0244479495268138,0.5344827586206896,0.0467571644042232,0.5118917406737283,0.2578975266315649,0.8893728823424744,220.47,"{'classifier__max_depth': 17, 'classifier__max_features': 'sqrt', 'classifier__min_samples_leaf': 1, 'classifier__min_samples_split': 5, 'classifier__n_estimators': 99}"
Random_Forest,random_search,smote,0.8337271144755721,0.0048603390180762,0.1009405616820721,0.1800732639772236,0.8009409401705362,0.2266420664069876,0.8729408587072319,0.8438485804416404,0.1004930734914299,0.1795980026016533,0.8040734756320522,0.2227040349665045,0.8772036758388999,611.95,"{'classifier__max_depth': 3, 'classifier__max_features': 'log2', 'classifier__min_samples_leaf': 8, 'classifier__min_samples_split': 12, 'classifier__n_estimators': 292}"
Random_Forest,random_search,adasyn,0.8592551355104676,0.0041800743731502,0.0917783686257773,0.1658417635883209,0.7969145166448135,0.2269759310832168,0.8736282852352126,0.8615930599369085,0.0925965165063355,0.1672215206826617,0.7990595609277494,0.2238408963987618,0.8776963694061118,610.89,"{'classifier__max_depth': 3, 'classifier__max_features': 'log2', 'classifier__min_samples_leaf': 8, 'classifier__min_samples_split': 12, 'classifier__n_estimators': 292}"
Random_Forest,random_search,weights,0.8865566041171486,0.006016945962096,0.0856117001101789,0.1561407543045348,0.7954590965695161,0.2295297709709336,0.8768145536775467,0.8828864353312302,0.0859731981722535,0.1566884775534483,0.7949895089487771,0.2319310231816,0.879335326867261,245.86,"{'classifier__class_weight': {0: 1, 1: 48.05824955647546}, 'classifier__max_depth': 5, 'classifier__max_features': 'sqrt', 'classifier__min_samples_leaf': 3, 'classifier__min_samples_split': 8, 'classifier__n_estimators': 70}"
Random_Forest,optuna,sin_balanceo,0.0248373947223388,0.0037224003730155,0.5537784110059135,0.0475088594185971,0.5121079910525588,0.2543982570285615,0.8871758343593079,0.0256309148264984,0.5652173913043478,0.0490380988306299,0.5125078332561394,0.2595522092381698,0.8887254184037889,282.48,"{'n_estimators': 200, 'max_depth': 19, 'min_samples_split': 3, 'min_samples_leaf': 2, 'max_features': 'log2'}"
Random_Forest,optuna,smote,0.8347127731635133,0.0055231586405453,0.1016548610981652,0.1812331105653942,0.8022043815702679,0.2285596581981834,0.8747609717125411,0.8387223974763407,0.1020878329733621,0.1820204526977878,0.8042605441139641,0.2270263456965886,0.8787700262355855,635.76,"{'n_estimators': 126, 'max_depth': 4, 'min_samples_split': 15, 'min_samples_leaf': 5, 'max_features': 'log2'}"
Random_Forest,optuna,adasyn,0.8593537062349625,0.0044499574372589,0.091711478860222,0.165734431132716,0.7968422885108009,0.2268148060118815,0.8736699022557982,0.8615930599369085,0.0925572923285466,0.1671575565160846,0.7989980360963275,0.2236470218010747,0.8777285025446049,835.28,"{'n_estimators': 298, 'max_depth': 3, 'min_samples_split': 17, 'min_samples_leaf': 4, 'max_features': 'sqrt'}"
Random_Forest,optuna,weights,0.8928641107876676,0.0037760885843168,0.0809083319040124,0.1483707360154291,0.7881272830830347,0.2314457348727079,0.8743642127927227,0.8935331230283912,0.0806549208044136,0.1479546864287813,0.7878540744344102,0.2291892711753111,0.8781657800944929,234.03,"{'n_estimators': 214, 'max_depth': 3, 'min_samples_split': 12, 'min_samples_leaf': 3, 'max_features': 'log2', 'class_weight_ratio': 48.01324070867892}"
Random_Forest,deap,sin_balanceo,0.0268088092122353,0.004108266706444,0.5679621986022894,0.0511662370783807,0.5130860074569922,0.2510355583430733,0.886657966586689,0.0240536277602523,0.5545454545454546,0.0461073318216175,0.5117253422061586,0.258116732400098,0.8893387768188099,631.67,"{'n_estimators': 95, 'max_depth': 17, 'min_samples_split': 5, 'min_samples_leaf': 1, 'max_features': 'log2'}"
Random_Forest,deap,smote,0.8363880870238682,0.0069842956834298,0.0998187013740295,0.1783453358560524,0.8004348698745147,0.2248378306754163,0.8722825899667189,0.8458201892744479,0.0993607559755419,0.1778312054385674,0.8032873649035035,0.2194943163957579,0.87673688771924,924.89,"{'n_estimators': 106, 'max_depth': 3, 'min_samples_split': 3, 'min_samples_leaf': 3, 'max_features': 'sqrt'}"
Random_Forest,deap,adasyn,0.8597479405759346,0.004180104633349,0.0916724783608567,0.1656780691742594,0.7969163532267197,0.2267653675314917,0.8736764608225605,0.863564668769716,0.0919241101410342,0.1661608497723824,0.7986795140865857,0.2235505754100355,0.8777258824019418,1431.52,"{'n_estimators': 300, 'max_depth': 3, 'min_samples_split': 3, 'min_samples_leaf': 3, 'max_features': 'sqrt'}"
Random_Forest,deap,weights,0.8054396472819002,0.0054249362504744,0.116024998517152,0.2028316572889276,0.8069531184804996,0.2414956937368114,0.8838446470101203,0.8828864353312302,0.0919582717266305,0.1665674750781134,0.8054179678747995,0.2397530859018871,0.8865226717451112,651.65,"{'n_estimators': 209, 'max_depth': 9, 'min_samples_split': 9, 'min_samples_leaf': 1, 'max_features': 'sqrt'}"
XGBoost_Estandar,baseline,sin_balanceo,0.0378475164304772,0.0041054091237831,0.5708604704944789,0.0709707629174435,0.5184823093213102,0.2684686700445833,0.8934597438664946,0.042981072555205,0.6022099447513812,0.0802355539197644,0.5210475574913644,0.27220276450002,0.8950922656066953,20.12,{}
XGBoost_Estandar,baseline,smote,0.7456129472403837,0.0103655262851442,0.1396592365891231,0.2352461925588536,0.8011102659026189,0.2494055903797334,0.8876589115923397,0.7559148264984227,0.1373012462397937,0.2323918050672809,0.8038507538014582,0.2517037568600211,0.8902355521840033,38.56,{}
XGBoost_Estandar,baseline,adasyn,0.7645365840631048,0.0101568164441246,0.1320914608924734,0.2252584907783413,0.8038719087938538,0.2427141826251325,0.8868509557319726,0.7756309148264984,0.1271328852119958,0.2184584629053753,0.8047261725778896,0.2469757390296584,0.8890417787958336,57.03,{}
XGBoost_Estandar,baseline,weights,0.8339237703544905,0.0061398261109348,0.1146961239034614,0.201654945896855,0.816502291063947,0.2668144503171382,0.8932661888834825,0.8414826498422713,0.1165929082664044,0.2048082921445367,0.8212618249949655,0.2705817192491832,0.8951413981337442,19.92,{}
XGBoost_Estandar,grid_search,sin_balanceo,0.0663321736301461,0.00580947691537,0.5021659335260743,0.1171211345282906,0.5321401408794137,0.2587865250613074,0.8899502713227193,0.0701892744479495,0.5056818181818182,0.1232686980609418,0.5340241051572326,0.2671699130566463,0.8922702676380629,431.97,"{'classifier__learning_rate': 0.2, 'classifier__max_depth': 6, 'classifier__n_estimators': 200, 'classifier__subsample': 0.9}"
XGBoost_Estandar,grid_search,smote,0.8159854523206608,0.0071329141775329,0.1162793154633984,0.2035508344815092,0.8112093069213593,0.2448159994990286,0.8872239868890863,0.8261041009463722,0.1162210140907577,0.2037739519501993,0.8150368415348586,0.2486812250624334,0.8881532544539709,889.27,"{'classifier__learning_rate': 0.05, 'classifier__max_depth': 3, 'classifier__n_estimators': 100, 'classifier__subsample': 0.9}"
XGBoost_Estandar,grid_search,adasyn,0.8311638871826496,0.0079358463322824,0.1100660744372635,0.1943900204926152,0.8107032426938098,0.2402197079544938,0.8867005531137997,0.8395110410094637,0.1101567754954209,0.1947582673923981,0.8139451154252417,0.2421195570768229,0.8871999689192854,1011.96,"{'classifier__learning_rate': 0.05, 'classifier__max_depth': 3, 'classifier__n_estimators': 100, 'classifier__subsample': 0.9}"
XGBoost_Estandar,grid_search,weights,0.8369788801297444,0.0070057883957224,0.1130676748819567,0.1992207862197889,0.8160256359286997,0.2657971480323627,0.8929240885700356,0.847397476340694,0.1143145912016596,0.2014530114834778,0.8212598938527804,0.2672758401851942,0.8939654053248132,1265.5,"{'classifier__learning_rate': 0.05, 'classifier__max_depth': 3, 'classifier__n_estimators': 200, 'classifier__scale_pos_weight': 32, 'classifier__subsample': 0.7}"
XGBoost_Estandar,random_search,sin_balanceo,0.0507597472122208,0.0061850354257921,0.5617016793762557,0.0930618118506605,0.5247661520896509,0.2710086495997698,0.8939757637842097,0.0520504731861198,0.5523012552301255,0.0951351351351351,0.5253669208968449,0.2771749955705229,0.8954946200513657,66.4,"{'classifier__learning_rate': 0.09651675043146653, 'classifier__max_depth': 5, 'classifier__n_estimators': 171, 'classifier__subsample': 0.8403950683025824}"
XGBoost_Estandar,random_search,smote,0.8010041103506543,0.0069563567185014,0.1224631279769606,0.2124446989503977,0.8109248617735447,0.2515363903250704,0.8887117127967581,0.806782334384858,0.1212803793716656,0.2108626198083067,0.8121867570925128,0.254613213084516,0.8901686002607877,130.57,"{'classifier__learning_rate': 0.05329456604111434, 'classifier__max_depth': 3, 'classifier__n_estimators': 149, 'classifier__subsample': 0.8285801361297467}"
XGBoost_Estandar,random_search,adasyn,0.8176610575230585,0.005720357188161,0.1154498373804585,0.2023310912162198,0.8110626905957842,0.2462620643315019,0.8879513595296039,0.8241324921135647,0.1156101338643655,0.2027748132337246,0.8137003455793497,0.250432894037296,0.8893094676118536,197.42,"{'classifier__learning_rate': 0.05329456604111434, 'classifier__max_depth': 3, 'classifier__n_estimators': 149, 'classifier__subsample': 0.8285801361297467}"
XGBoost_Estandar,random_search,weights,0.8701940095220293,0.0069025700405686,0.1002520594947,0.1797899382686685,0.8132079165796118,0.2674960301995496,0.8928444314564026,0.8789432176656151,0.100732104121475,0.180749270191372,0.8170433467862456,0.2685445421818868,0.894477951324814,49.03,"{'classifier__learning_rate': 0.09772650673914354, 'classifier__max_depth': 5, 'classifier__n_estimators': 84, 'classifier__scale_pos_weight': 44.06306520158159, 'classifier__subsample': 0.9329019834400152}"
XGBoost_Estandar,optuna,sin_balanceo,0.0634743995319104,0.0074196432975151,0.5272192306974915,0.1132386496404083,0.5308527637532143,0.2629189022911063,0.8912366675571247,0.0666403785488959,0.52,0.11814051031108,0.5323604019042654,0.2707584745698811,0.8930600053233535,531.01,"{'n_estimators': 192, 'max_depth': 6, 'learning_rate': 0.16445227230751241, 'subsample': 0.8279596386253469}"
XGBoost_Estandar,optuna,smote,0.8223920638427531,0.00576472719289,0.1131312521919827,0.198900715326536,0.8105826168811486,0.2411576876391324,0.8858413635687696,0.8308359621451105,0.1132126161947235,0.1992717643164515,0.8138773992937494,0.2399369606037504,0.886958903663992,772.98,"{'n_estimators': 63, 'max_depth': 3, 'learning_rate': 0.0609873389610072, 'subsample': 0.8764455317607698}"
XGBoost_Estandar,optuna,adasyn,0.8421043150184395,0.0069244467379248,0.1046455414284044,0.1861573315156487,0.808607300607167,0.2283917207015169,0.8836008172851868,0.8477917981072555,0.1049702177521726,0.1868103223564167,0.8111085780908871,0.2300234094542329,0.8839676832962529,978.41,"{'n_estimators': 52, 'max_depth': 3, 'learning_rate': 0.0602623400459642, 'subsample': 0.8992033063494871}"
XGBoost_Estandar,optuna,weights,0.8814300524172891,0.0069276000389836,0.0955717189200641,0.172444548437743,0.8105368509636701,0.2630716940603574,0.8919348609518805,0.8848580441640379,0.095766473199044,0.1728280961182994,0.812070209265166,0.2653370621361736,0.8932474110273303,448.16,"{'n_estimators': 141, 'max_depth': 3, 'learning_rate': 0.054718598564940636, 'subsample': 0.8897771074506666, 'scale_pos_weight': 46.5440570929257}"
XGBoost_Estandar,deap,sin_balanceo,0.0596303355046408,0.006934754788518,0.5287184595224728,0.1071147357304833,0.5289891813751421,0.2653974270109803,0.892757412673914,0.0591482649842271,0.5136986301369864,0.106082036775106,0.5287004798859217,0.2702683999118773,0.8944970468275002,1358.77,"{'n_estimators': 179, 'max_depth': 5, 'learning_rate': 0.17627739675225446, 'subsample': 0.7173877665258832}"
XGBoost_Estandar,deap,smote,0.8247576641166144,0.0060726409254002,0.1116540607763102,0.1966797598166496,0.8099642520647787,0.2347159189460769,0.8839738821931903,0.831230283911672,0.1098488796248045,0.1940532081377151,0.8105184249208406,0.2306906181427319,0.8837168701398295,960.22,"{'n_estimators': 51, 'max_depth': 3, 'learning_rate': 0.0602028917220974, 'subsample': 0.7848838122597745}"
XGBoost_Estandar,deap,adasyn,0.8423997844068882,0.0078540448717397,0.1047200615709112,0.1862797324073474,0.8087919595123475,0.2318825101814654,0.8837386378575184,0.847397476340694,0.1055915880503144,0.1877839916113247,0.8117050875329497,0.2288317620991137,0.8835814427289604,1126.28,"{'n_estimators': 51, 'max_depth': 3, 'learning_rate': 0.0602538945979655, 'subsample': 0.7848838122597745}"
XGBoost_Estandar,deap,weights,0.8802473979513799,0.0064275510141765,0.096789652939045,0.1744010177599023,0.8119235838595834,0.2689783026311735,0.8931534663522498,0.8836750788643533,0.0977151826981773,0.1759717314487632,0.8145242057707109,0.270879391636518,0.894766412049613,1204.97,"{'n_estimators': 157, 'max_depth': 4, 'learning_rate': 0.08051806456841921, 'subsample': 0.7398820257446388, 'scale_pos_weight': 48.05824955647546}"
Naive_Bayes_Estandar,grid_search,sin_balanceo,0.5267078591943907,0.0193879272029269,0.1705198241547484,0.2575729478267695,0.7233574333676677,0.1493367062140301,0.8533058102377298,0.5394321766561514,0.1751152073732718,0.2643989176652493,0.7300694869597635,0.1544812595328092,0.860682664681983,6.68,{'classifier__var_smoothing': 0.001}
Naive_Bayes_Estandar,grid_search,smote,0.847526773119812,0.003463273475679,0.0680283550103201,0.1259441180748171,0.7424771099467836,0.2087714011774681,0.8197519009330076,0.8414826498422713,0.0719002695417789,0.1324807549043953,0.7512650242861993,0.205604456024554,0.8184257534637509,8.57,{'classifier__var_smoothing': 1e-11}
Naive_Bayes_Estandar,grid_search,adasyn,0.8493989370871138,0.0028242143501405,0.0696599883594725,0.1287527037116336,0.7475077497069772,0.2074180139696112,0.8208354377590696,0.8363564668769716,0.0769789133669654,0.140981754129416,0.7617082821661523,0.2021560031072254,0.8189538868865393,25.68,{'classifier__var_smoothing': 1e-11}
Naive_Bayes_Estandar,grid_search,weights,0.7302382935125411,0.0057459678618564,0.112644159680987,0.1951752915655301,0.7753173850842362,0.1490551125015445,0.8533003953155516,0.7417192429022083,0.1162187210379981,0.2009508039100475,0.7828545025851299,0.1543261249375422,0.8606800712259581,17.0,"{'classifier__priors': [0.5, 0.5], 'classifier__var_smoothing': 0.001}"
Naive_Bayes_Estandar,random_search,sin_balanceo,0.518723679067317,0.0216061190677519,0.1678870589196181,0.2536117548235098,0.7192299876529598,0.1431618155867528,0.8510684482520736,0.527602523659306,0.1732263076126359,0.2608187134502924,0.7245115044835881,0.1479360399588967,0.8584441409456642,22.14,{'classifier__var_smoothing': np.float64(0.0005744851636320422)}
Naive_Bayes_Estandar,random_search,smote,0.847526773119812,0.003463273475679,0.0680311121970521,0.1259488357776071,0.7424848007163221,0.2087714025043917,0.8197519069983856,0.8414826498422713,0.0719002695417789,0.1324807549043953,0.7512650242861993,0.2056044635442175,0.8184257631679831,28.73,{'classifier__var_smoothing': np.float64(9.915644566638387e-09)}
Naive_Bayes_Estandar,random_search,adasyn,0.8493989370871138,0.0028242143501405,0.0696611532344543,0.1287546886985504,0.7475108259674749,0.2074180127894815,0.8208354529170296,0.8363564668769716,0.0769789133669654,0.140981754129416,0.7617082821661523,0.2021560288103293,0.8189539159992354,83.34,{'classifier__var_smoothing': np.float64(9.915644566638387e-09)}
Naive_Bayes_Estandar,random_search,weights,0.7620703251134413,0.018877303217311,0.1069643640965763,0.1875750546878454,0.7817030133496933,0.1368927941022028,0.8481967214051286,0.76301261829653,0.1104262968669748,0.1929308539807567,0.7856014019277108,0.1412497587252035,0.8544597894662969,22.27,"{'classifier__priors': [np.float64(0.268421052631579), np.float64(0.731578947368421)], 'classifier__var_smoothing': np.float64(7.280659548413401e-10)}"
Naive_Bayes_Estandar,optuna,sin_balanceo,0.5262149570149095,0.0195349061170283,0.1703084326183216,0.2572733188162736,0.7230894483124899,0.1486988987897262,0.853063464233174,0.5394321766561514,0.1755196304849884,0.2648596321393998,0.730180231656323,0.1539043162493514,0.8604503186792184,35.29,{'var_smoothing': 0.000959068392198319}
Naive_Bayes_Estandar,optuna,smote,0.847526773119812,0.003463273475679,0.0680311121970521,0.1259488357776071,0.7424848007163221,0.2087714025043917,0.8197519069983856,0.8414826498422713,0.0719002695417789,0.1324807549043953,0.7512650242861993,0.2056044635442175,0.8184257631679831,43.94,{'var_smoothing': 9.915644566638387e-09}
Naive_Bayes_Estandar,optuna,adasyn,0.8493989370871138,0.0028242143501405,0.0696611532344543,0.1287546886985504,0.7475108259674749,0.2074180127894815,0.8208354529170296,0.8363564668769716,0.0769789133669654,0.140981754129416,0.7617082821661523,0.2021560288103293,0.8189539159992354,182.57,{'var_smoothing': 9.915644566638387e-09}
Naive_Bayes_Estandar,optuna,weights,0.8443688196034349,0.0215997611672222,0.088126549984494,0.1595092120252032,0.7851521904371845,0.1368971149364915,0.8481964882989139,0.8426656151419558,0.0907970768184908,0.1639306535747161,0.7896758208111216,0.1412709781710145,0.8544613542737205,35.26,"{'var_smoothing': 2.3022570627232255e-10, 'prior_fallecido': 0.8935600950603214}"
Naive_Bayes_Estandar,deap,sin_balanceo,0.5103429824199356,0.0362452313229182,0.166156851779169,0.250382272497072,0.7151073119499163,0.1368789293489218,0.848197233618054,0.5090694006309149,0.1742945862022411,0.259680177008951,0.7169061134177855,0.141277988582494,0.8544617254605977,59.67,{'var_smoothing': 1.585207220265974e-11}
Naive_Bayes_Estandar,deap,smote,0.847526773119812,0.003463273475679,0.0680283550103201,0.1259441180748171,0.7424771099467836,0.2087713651822544,0.8197519001749228,0.8414826498422713,0.0719002695417789,0.1324807549043953,0.7512650242861993,0.205604456024554,0.8184257534637509,76.69,{'var_smoothing': 1.585207220265974e-11}
Naive_Bayes_Estandar,deap,adasyn,0.8493989370871138,0.0028242143501405,0.0696599883594725,0.1287527037116336,0.7475077497069772,0.2074180139696112,0.8208354377590696,0.8363564668769716,0.0769789133669654,0.140981754129416,0.7617082821661523,0.2021560031072254,0.8189538868865393,334.64,{'var_smoothing': 1.585207220265974e-11}
Naive_Bayes_Estandar,deap,weights,0.7273797425021911,0.0068017870768296,0.1113639206085744,0.1931495904939066,0.7730851924111939,0.1369114330337101,0.8482104293234286,0.7480283911671924,0.1124081535908983,0.1954461158046569,0.7818561505966395,0.1412744607307459,0.8544951419837842,59.12,{'var_smoothing': 3.477204275099222e-06}
SVM_GPU,grid_search,sin_balanceo,0.0,0.0,0.0,0.0,0.5,0.08505180931583024,0.45910107822030677,0.0,0.0,0.0,0.5,0.027277540271232827,0.4561253180853193,3.99,"{'classifier__C': 0.1, 'classifier__gamma': 0.001}"
SVM_GPU,grid_search,smote,0.8346236559139785,0.06935075423498316,0.09833246168221693,0.17581814145044738,0.7977013250471982,0.23580363042087077,0.8644735441863721,0.8466088328075709,0.09803205333089814,0.17571715022302248,0.8017682644128419,0.2171389737693189,0.8770355063489745,4.98,"{'classifier__C': 0.1, 'classifier__gamma': 0.001}"
SVM_GPU,grid_search,adasyn,0.8346236559139785,0.06935075423498316,0.09232801527161182,0.16616079548297905,0.7890394034147359,0.23636798600749861,0.8643700217209039,0.861198738170347,0.09294803591947909,0.1677870395267545,0.799471495875546,0.21464187252174555,0.8764687694909501,5.45,"{'classifier__C': 0.1, 'classifier__gamma': 0.001}"
SVM_GPU,grid_search,weights,0.0,0.0,0.0,0.0,0.5,0.08505180931583024,0.45910107822030677,0.0,0.0,0.0,0.5,0.027277540271232827,0.4561253180853193,7.08,"{'classifier__C': 0.1, 'classifier__class_weight_ratio': 8, 'classifier__gamma': 0.001}"
SVM_GPU,random_search,sin_balanceo,0.0,0.0,0.0,0.0,0.5,0.12073348645072149,0.632448208051183,0.0,0.0,0.0,0.5,0.12068430214318503,0.6675571431765507,12.54,"{'classifier__C': np.float64(0.5611516415334505), 'classifier__gamma': np.float64(0.36808608148776095)}"
SVM_GPU,random_search,smote,0.7550537634408603,0.07140432669155297,0.12255653113233995,0.21050814407470755,0.7924598022570659,0.19576035561194507,0.8506011164867117,0.7712933753943217,0.11734357189993401,0.20369695391825046,0.7951252032260283,0.1573711537985462,0.8579493051692193,20.17,"{'classifier__C': np.float64(0.13066739238053282), 'classifier__gamma': np.float64(0.21766241123453672)}"
SVM_GPU,random_search,adasyn,0.7617204301075269,0.07665271555642153,0.1165328258577446,0.20170465287518832,0.7896056535438638,0.18526038712539922,0.8498887010460285,0.7807570977917981,0.11254476212129824,0.19673108450494312,0.7943198295967899,0.15627071045123112,0.8572715785827754,22.05,"{'classifier__C': np.float64(0.13066739238053282), 'classifier__gamma': np.float64(0.21766241123453672)}"
SVM_GPU,random_search,weights,0.0,0.0,0.0,0.0,0.5,0.12882042673087085,0.670378178127884,0.0,0.0,0.0,0.5,0.11141038483429881,0.68315527943608,12.4,"{'classifier__C': np.float64(0.5611516415334505), 'classifier__class_weight_ratio': np.float64(30.669286273067737), 'classifier__gamma': np.float64(0.09454306819536169)}"
SVM_GPU,optuna,sin_balanceo,0.06,0.04422166387140533,0.14969696969696972,0.0853852109949671,0.5254633855712659,0.10350632811242393,0.5765719585157851,0.08083596214511041,0.23482245131729668,0.12026987386330303,0.5363081223335682,0.09976128240600088,0.5949459204495187,13.89,"{'C': 6.891989949366661, 'gamma': 0.9552450223374976}"
SVM_GPU,optuna,smote,0.8346236559139785,0.06935075423498316,0.09010660987202937,0.1625357117587858,0.7855343551664622,0.2320152974776569,0.8636505227053627,0.8730283911671924,0.08751334044823907,0.15908029459313813,0.7944841222459972,0.21687964435854168,0.8760661918489419,20.89,"{'C': 0.02938027938703535, 'gamma': 0.0004207053950287938}"
SVM_GPU,optuna,adasyn,0.7681720430107527,0.11741738546538633,0.10590771196986512,0.1856410192147034,0.7827244307486177,0.22310815934940184,0.8639342370382421,0.7977129337539433,0.11450079239302693,0.20025737477727182,0.8026008681173122,0.20829558604217713,0.8763889812947432,21.13,"{'C': 0.19762189340280073, 'gamma': 0.0014618962793704966}"
SVM_GPU,optuna,weights,0.026666666666666665,0.024944382578492942,0.35,0.04926470588235295,0.5124053918908855,0.12545308900534027,0.573441395944722,0.03588328075709779,0.3023255813953488,0.06415227352837505,0.5166496189186878,0.11326222908122514,0.60501051434138,10.42,"{'C': 1.9994145757929354, 'gamma': 0.7356475421076245, 'class_weight_ratio': 16.123692247069574}"
SVM_GPU,deap,sin_balanceo,0.0,0.0,0.0,0.0,0.5,0.04987618410817325,0.5554448766431818,0.0,0.0,0.0,0.5,0.039393409804620194,0.5374832757264238,15.6,"{'C': 1.9004375238737135, 'gamma': 0.0011681625473261195}"
SVM_GPU,deap,smote,0.7550537634408603,0.07140432669155297,0.1168108231049139,0.20199966812735265,0.7871994105257667,0.22617056508580619,0.858319540267755,0.7862776025236593,0.11544028252185491,0.2013226311272654,0.799135011332214,0.20721457375009084,0.8629205455129261,36.43,"{'C': 3.267700553653684, 'gamma': 0.029562651888249518}"
SVM_GPU,deap,adasyn,0.8346236559139785,0.06935075423498316,0.09497292691373196,0.17039201392208464,0.7927512755754288,0.2359269633853124,0.864400948526366,0.8544952681388013,0.09501885468736297,0.17102044037566097,0.8002665344976134,0.21360871150894703,0.8764397101679702,37.07,"{'C': 0.11722861712647835, 'gamma': 0.0010000000000000002}"
SVM_GPU,deap,weights,0.0,0.0,0.0,0.0,0.5,0.04987618410817325,0.5554448766431818,0.0,0.0,0.0,0.5,0.039393409804620194,0.5374832757264238,23.16,"{'C': 1.9004375238737135, 'gamma': 0.0011681625473261195}"
